ProductName,ProductPrice,Discount,NumberofReviews,Rate,Review,Summary
 Rockerz 235 V2 ,"
Sale price‚Çπ 1,183",60% off,1067 reviews,"‚òÖ
  4.8
    ",Good,Sonda good
 Rockerz 235 V2 ,"
Sale price‚Çπ 1,183",60% off,1067 reviews,"‚òÖ
  4.8
    ",Best,The best product ever received.
 Rockerz 235 V2 ,"
Sale price‚Çπ 1,183",60% off,1067 reviews,"‚òÖ
  4.8
    ",,"boAt Rockerz 235 V2 | Bluetooth Stereo Wireless Earphone with Up to 8 Hours of Uninterrupted Music, Fast Charging, IPX5 sweat and water resistance"
 Rockerz 235 V2 ,"
Sale price‚Çπ 1,183",60% off,1067 reviews,"‚òÖ
  4.8
    ",,Supar
 Rockerz 235 V2 ,"
Sale price‚Çπ 1,183",60% off,1067 reviews,"‚òÖ
  4.8
    ",,The product is perfect.
 Rockerz 235 V2 ,"
Sale price‚Çπ 1,183",60% off,1067 reviews,"‚òÖ
  4.8
    ",Nice product,Good quality sound and good price
 Rockerz 255 Pro+ ,"
Sale price‚Çπ 1,299",67% off,401 reviews,"‚òÖ
  4.8
    ",Very nice prodect,Comfortable to use
 Rockerz 255 Pro+ ,"
Sale price‚Çπ 1,299",67% off,401 reviews,"‚òÖ
  4.8
    ",,"boAt Rockerz 255 Pro+ | Bluetooth Earphone with 10mm drivers, Up to 40H Nonstop Playback, Type-C charging, ASAP Charge"
 Rockerz 255 Pro+ ,"
Sale price‚Çπ 1,299",67% off,401 reviews,"‚òÖ
  4.8
    ",Sound quality,It's amazing
 Rockerz 255 Pro+ ,"
Sale price‚Çπ 1,299",67% off,401 reviews,"‚òÖ
  4.8
    ",Product review,"Boat rocker 255 pro + superb sound and also base quality is great control , build quality is moderate"
 Rockerz 255 Pro+ ,"
Sale price‚Çπ 1,299",67% off,401 reviews,"‚òÖ
  4.8
    ",,"boAt Rockerz 255 Pro+ | Bluetooth Earphone with 10mm drivers, Up to 40H Nonstop Playback, Type-C charging, ASAP Charge"
 Rockerz 255 Pro+ ,"
Sale price‚Çπ 1,299",67% off,401 reviews,"‚òÖ
  4.8
    ",,Good
 Rockerz 245 V2 ,"
Sale price‚Çπ 1,299",57% off,206 reviews,"‚òÖ
  4.8
    ",,"boAt Rockerz 245 V2 | Wireless Bluetooth Earphone with 12mm Dynamic Audio Drivers, Up to 8 Hours of Uninterrupted Music, Fast Charging"
 Rockerz 245 V2 ,"
Sale price‚Çπ 1,299",57% off,206 reviews,"‚òÖ
  4.8
    ",,"boAt Rockerz 245 V2 | Wireless Bluetooth Earphone with 12mm Dynamic Audio Drivers, Up to 8 Hours of Uninterrupted Music, Fast Charging"
 Rockerz 245 V2 ,"
Sale price‚Çπ 1,299",57% off,206 reviews,"‚òÖ
  4.8
    ",,"boAt Rockerz 245 V2 | Wireless Bluetooth Earphone with 12mm Dynamic Audio Drivers, Up to 8 Hours of Uninterrupted Music, Fast Charging"
 Rockerz 245 V2 ,"
Sale price‚Çπ 1,299",57% off,206 reviews,"‚òÖ
  4.8
    ",Just Awesome,"I am writing this review after using approximately 1 year. It's really amazing experience with Rockerz 245/V2 around a year. Still today it's Battery backup same as new and Long lasting. For me, It's charge capacity is enough. Just decent product specially it's lightweight. Thank you."
 Rockerz 245 V2 ,"
Sale price‚Çπ 1,299",57% off,206 reviews,"‚òÖ
  4.8
    ",,Nice product
 Rockerz 245 V2 ,"
Sale price‚Çπ 1,299",57% off,206 reviews,"‚òÖ
  4.8
    ",Good,Good serivice
 Rockerz 330 ,"
Sale price‚Çπ 1,299",57% off,266 reviews,"‚òÖ
  4.8
    ",,Bass is power full üëç
 Rockerz 330 ,"
Sale price‚Çπ 1,299",57% off,266 reviews,"‚òÖ
  4.8
    ",,"boAt Rockerz 330 | Bluetooth Earphone with Upto 30 Hours Nonstop Audio Bliss, Peerless Metallic Control Panel"
 Rockerz 330 ,"
Sale price‚Çπ 1,299",57% off,266 reviews,"‚òÖ
  4.8
    ",,"boAt Rockerz 330 | Bluetooth Earphone with Upto 30 Hours Nonstop Audio Bliss, Peerless Metallic Control Panel"
 Rockerz 330 ,"
Sale price‚Çπ 1,299",57% off,266 reviews,"‚òÖ
  4.8
    ",,Good
 Rockerz 330 ,"
Sale price‚Çπ 1,299",57% off,266 reviews,"‚òÖ
  4.8
    ",About boat rockerz 3330.,"First of all thanks to boat.So fast delivery I am amazed.Packaging of the product was too good.Forst time I purchased neckband or say bluetooth accessories,the only reason I regretted buying any charging  accessories especially earbuds was it needs to be charged regularly.I always use to move for a cheaper one which was waste of money.Recently i purchased boat neckband as there was diwali sale i got it at 1299(not a bad deal)i am impressed üíØ.I never ever thought boat bluetooth would be such a magic.Sound quality just superb,easy to use,looking stylish and decent,the thing which I am love with is its battery backup when I received this product it was 60% it's almost a week now but its battery has decreased only 10% i.e 50%.Really impressed.Thankyou.keep it up."
 Rockerz 330 ,"
Sale price‚Çπ 1,299",57% off,266 reviews,"‚òÖ
  4.8
    ",Boat rockerz 330,It is a good product of boat and all quality of boat product is super and awesome üëçüëçüëçüëçüëçüëçüëçüëçüíêüíêüíêüíêüíêkeep it up
 Rockerz 333 ,"
Sale price‚Çπ 1,399",65% off,186 reviews,"‚òÖ
  4.9
    ",Didn't expected much but goes above my expectations.,I have been using this since unboxing the package and till now I am getting perfect battery backup as I am using 2 to 3 hours per day and almost I have got battery backup of a week without without charging my neckband. and I am fully satisfied with it as in this price range it is very less to get a perfect bass sound quality. And the buld quality is superb which comes with a braided cable which durable for heavy-usage in daily work.
 Rockerz 333 ,"
Sale price‚Çπ 1,399",65% off,186 reviews,"‚òÖ
  4.9
    ",Awesome !!,"I always use boat products. But this is my first Boat NeckBand ( I never use neckbands ). Working perfectly. Everything is good. Battery Backup is also very good.
Thank you."
 Rockerz 333 ,"
Sale price‚Çπ 1,399",65% off,186 reviews,"‚òÖ
  4.9
    ",,"boAt Rockerz 333 | Bluetooth Earphone with Upto 30 Hour Uninterepted Music, Asap Charging wth Dual Pairing"
 Rockerz 333 ,"
Sale price‚Çπ 1,399",65% off,186 reviews,"‚òÖ
  4.9
    ",,"boAt Rockerz 333 | Bluetooth Earphone with Upto 30 Hour Uninterepted Music, Asap Charging wth Dual Pairing"
 Rockerz 333 ,"
Sale price‚Çπ 1,399",65% off,186 reviews,"‚òÖ
  4.9
    ",,"boAt Rockerz 333 | Bluetooth Earphone with Upto 30 Hour Uninterepted Music, Asap Charging wth Dual Pairing"
 Rockerz 333 ,"
Sale price‚Çπ 1,399",65% off,186 reviews,"‚òÖ
  4.9
    ",,"boAt boAt Rockerz 333 | Bluetooth Earphone with Upto 30 Hour Uninterepted Music, Asap Charging wth Dual Pairing"
 Rockerz 255 ,"
Sale price‚Çπ 1,299",57% off,228 reviews,"‚òÖ
  4.8
    ",,"boAt Rockerz 255 | Bluetooth Wireless Earphone with 10 mm Dynamic Drivers, Uninterrupted Music Upto 6 Hours, IPX5 Sweat & Water Resistance, cVc Noise Cancellation"
 Rockerz 255 ,"
Sale price‚Çπ 1,299",57% off,228 reviews,"‚òÖ
  4.8
    ",Very good product,Best value for money
 Rockerz 255 ,"
Sale price‚Çπ 1,299",57% off,228 reviews,"‚òÖ
  4.8
    ",Boat rockers 255,Best product good in quality and performance
 Rockerz 255 ,"
Sale price‚Çπ 1,299",57% off,228 reviews,"‚òÖ
  4.8
    ",Good quality,Nice product and packing of parcel is good
 Rockerz 255 ,"
Sale price‚Çπ 1,299",57% off,228 reviews,"‚òÖ
  4.8
    ",,Very good
 Rockerz 255 ,"
Sale price‚Çπ 1,299",57% off,228 reviews,"‚òÖ
  4.8
    ",,boAt Rockerz 255
 Rockerz 550 ,"
Sale price‚Çπ 1,999",60% off,345 reviews,"‚òÖ
  4.8
    ",,"Great Headphones
I needed headphones for studio monitoring. My friend suggested me these headphones saying they have 50mm drivers. I'm enjoying these headphones. Praise the Lord."
 Rockerz 550 ,"
Sale price‚Çπ 1,999",60% off,345 reviews,"‚òÖ
  4.8
    ",Good,Good
 Rockerz 550 ,"
Sale price‚Çπ 1,999",60% off,345 reviews,"‚òÖ
  4.8
    ",Nice product,It is working good nice one
 Rockerz 550 ,"
Sale price‚Çπ 1,999",60% off,345 reviews,"‚òÖ
  4.8
    ",,"boAt Rockerz 550 | Over Ear Bluetooth Headphones with Upto 20 Hours Playback, 50mm Dynamic Driver, 500 mah Battery"
 Rockerz 550 ,"
Sale price‚Çπ 1,999",60% off,345 reviews,"‚òÖ
  4.8
    ",Good headphones,A budget friendly model with good tech specs
 Rockerz 550 ,"
Sale price‚Çπ 1,999",60% off,345 reviews,"‚òÖ
  4.8
    ",Great Headphones,I needed headphones for studio monitoring. My friend suggested me these headphones saying they have 50mm drivers. I'm enjoying these headphones. Praise the Lord.
 Rockerz 255 Pro ,"
Sale price‚Çπ 1,399",60% off,383 reviews,"‚òÖ
  4.8
    ",,5 star
 Rockerz 255 Pro ,"
Sale price‚Çπ 1,399",60% off,383 reviews,"‚òÖ
  4.8
    ",Love üíñ,"Such a beautiful product, packaging also nice, delivery on time"
 Rockerz 255 Pro ,"
Sale price‚Çπ 1,399",60% off,383 reviews,"‚òÖ
  4.8
    ",,Good
 Rockerz 255 Pro ,"
Sale price‚Çπ 1,399",60% off,383 reviews,"‚òÖ
  4.8
    ",Ecelent,Good product
 Rockerz 255 Pro ,"
Sale price‚Çπ 1,399",60% off,383 reviews,"‚òÖ
  4.8
    ",Best,Betry back is low eryting is good
 Rockerz 255 Pro ,"
Sale price‚Çπ 1,399",60% off,383 reviews,"‚òÖ
  4.8
    ",,boAt Rockerz 255 Pro
 Rockerz 103 Pro ,"
Sale price‚Çπ 999",60% off,64 reviews,"‚òÖ
  4.9
    ",boAt Rockerz 103 Pro,Excellent
 Rockerz 103 Pro ,"
Sale price‚Çπ 999",60% off,64 reviews,"‚òÖ
  4.9
    ",,Superb and sound quality is very better
 Rockerz 103 Pro ,"
Sale price‚Çπ 999",60% off,64 reviews,"‚òÖ
  4.9
    ",Fantasticüëåüëåüëå,Best product
 Rockerz 103 Pro ,"
Sale price‚Çπ 999",60% off,64 reviews,"‚òÖ
  4.9
    ",,Best product
 Rockerz 103 Pro ,"
Sale price‚Çπ 999",60% off,64 reviews,"‚òÖ
  4.9
    ",5,It's good
 Rockerz 103 Pro ,"
Sale price‚Çπ 999",60% off,64 reviews,"‚òÖ
  4.9
    ",Rockers 103 pro,It's nice product
 Rockerz 235 V2 ,"
Sale price‚Çπ 1,183",60% off,1067 reviews,"‚òÖ
  4.8
    ",Good,Sonda good
 Rockerz 235 V2 ,"
Sale price‚Çπ 1,183",60% off,1067 reviews,"‚òÖ
  4.8
    ",Best,The best product ever received.
 Rockerz 235 V2 ,"
Sale price‚Çπ 1,183",60% off,1067 reviews,"‚òÖ
  4.8
    ",,"boAt Rockerz 235 V2 | Bluetooth Stereo Wireless Earphone with Up to 8 Hours of Uninterrupted Music, Fast Charging, IPX5 sweat and water resistance"
 Rockerz 235 V2 ,"
Sale price‚Çπ 1,183",60% off,1067 reviews,"‚òÖ
  4.8
    ",,Supar
 Rockerz 235 V2 ,"
Sale price‚Çπ 1,183",60% off,1067 reviews,"‚òÖ
  4.8
    ",,The product is perfect.
 Rockerz 235 V2 ,"
Sale price‚Çπ 1,183",60% off,1067 reviews,"‚òÖ
  4.8
    ",Nice product,Good quality sound and good price
 Rockerz 255 Pro+ ,"
Sale price‚Çπ 1,299",67% off,401 reviews,"‚òÖ
  4.8
    ",Very nice prodect,Comfortable to use
 Rockerz 255 Pro+ ,"
Sale price‚Çπ 1,299",67% off,401 reviews,"‚òÖ
  4.8
    ",,"boAt Rockerz 255 Pro+ | Bluetooth Earphone with 10mm drivers, Up to 40H Nonstop Playback, Type-C charging, ASAP Charge"
 Rockerz 255 Pro+ ,"
Sale price‚Çπ 1,299",67% off,401 reviews,"‚òÖ
  4.8
    ",Sound quality,It's amazing
 Rockerz 255 Pro+ ,"
Sale price‚Çπ 1,299",67% off,401 reviews,"‚òÖ
  4.8
    ",Product review,"Boat rocker 255 pro + superb sound and also base quality is great control , build quality is moderate"
 Rockerz 255 Pro+ ,"
Sale price‚Çπ 1,299",67% off,401 reviews,"‚òÖ
  4.8
    ",,"boAt Rockerz 255 Pro+ | Bluetooth Earphone with 10mm drivers, Up to 40H Nonstop Playback, Type-C charging, ASAP Charge"
 Rockerz 255 Pro+ ,"
Sale price‚Çπ 1,299",67% off,401 reviews,"‚òÖ
  4.8
    ",,Good
 Rockerz 245 V2 ,"
Sale price‚Çπ 1,299",57% off,206 reviews,"‚òÖ
  4.8
    ",,"boAt Rockerz 245 V2 | Wireless Bluetooth Earphone with 12mm Dynamic Audio Drivers, Up to 8 Hours of Uninterrupted Music, Fast Charging"
 Rockerz 245 V2 ,"
Sale price‚Çπ 1,299",57% off,206 reviews,"‚òÖ
  4.8
    ",,"boAt Rockerz 245 V2 | Wireless Bluetooth Earphone with 12mm Dynamic Audio Drivers, Up to 8 Hours of Uninterrupted Music, Fast Charging"
 Rockerz 245 V2 ,"
Sale price‚Çπ 1,299",57% off,206 reviews,"‚òÖ
  4.8
    ",,"boAt Rockerz 245 V2 | Wireless Bluetooth Earphone with 12mm Dynamic Audio Drivers, Up to 8 Hours of Uninterrupted Music, Fast Charging"
 Rockerz 245 V2 ,"
Sale price‚Çπ 1,299",57% off,206 reviews,"‚òÖ
  4.8
    ",Just Awesome,"I am writing this review after using approximately 1 year. It's really amazing experience with Rockerz 245/V2 around a year. Still today it's Battery backup same as new and Long lasting. For me, It's charge capacity is enough. Just decent product specially it's lightweight. Thank you."
 Rockerz 245 V2 ,"
Sale price‚Çπ 1,299",57% off,206 reviews,"‚òÖ
  4.8
    ",,Nice product
 Rockerz 245 V2 ,"
Sale price‚Çπ 1,299",57% off,206 reviews,"‚òÖ
  4.8
    ",Good,Good serivice
 Rockerz 330 ,"
Sale price‚Çπ 1,299",57% off,266 reviews,"‚òÖ
  4.8
    ",,Bass is power full üëç
 Rockerz 330 ,"
Sale price‚Çπ 1,299",57% off,266 reviews,"‚òÖ
  4.8
    ",,"boAt Rockerz 330 | Bluetooth Earphone with Upto 30 Hours Nonstop Audio Bliss, Peerless Metallic Control Panel"
 Rockerz 330 ,"
Sale price‚Çπ 1,299",57% off,266 reviews,"‚òÖ
  4.8
    ",,"boAt Rockerz 330 | Bluetooth Earphone with Upto 30 Hours Nonstop Audio Bliss, Peerless Metallic Control Panel"
 Rockerz 330 ,"
Sale price‚Çπ 1,299",57% off,266 reviews,"‚òÖ
  4.8
    ",,Good
 Rockerz 330 ,"
Sale price‚Çπ 1,299",57% off,266 reviews,"‚òÖ
  4.8
    ",About boat rockerz 3330.,"First of all thanks to boat.So fast delivery I am amazed.Packaging of the product was too good.Forst time I purchased neckband or say bluetooth accessories,the only reason I regretted buying any charging  accessories especially earbuds was it needs to be charged regularly.I always use to move for a cheaper one which was waste of money.Recently i purchased boat neckband as there was diwali sale i got it at 1299(not a bad deal)i am impressed üíØ.I never ever thought boat bluetooth would be such a magic.Sound quality just superb,easy to use,looking stylish and decent,the thing which I am love with is its battery backup when I received this product it was 60% it's almost a week now but its battery has decreased only 10% i.e 50%.Really impressed.Thankyou.keep it up."
 Rockerz 330 ,"
Sale price‚Çπ 1,299",57% off,266 reviews,"‚òÖ
  4.8
    ",Boat rockerz 330,It is a good product of boat and all quality of boat product is super and awesome üëçüëçüëçüëçüëçüëçüëçüëçüíêüíêüíêüíêüíêkeep it up
 Rockerz 333 ,"
Sale price‚Çπ 1,399",65% off,186 reviews,"‚òÖ
  4.9
    ",Didn't expected much but goes above my expectations.,I have been using this since unboxing the package and till now I am getting perfect battery backup as I am using 2 to 3 hours per day and almost I have got battery backup of a week without without charging my neckband. and I am fully satisfied with it as in this price range it is very less to get a perfect bass sound quality. And the buld quality is superb which comes with a braided cable which durable for heavy-usage in daily work.
 Rockerz 333 ,"
Sale price‚Çπ 1,399",65% off,186 reviews,"‚òÖ
  4.9
    ",Awesome !!,"I always use boat products. But this is my first Boat NeckBand ( I never use neckbands ). Working perfectly. Everything is good. Battery Backup is also very good.
Thank you."
 Rockerz 333 ,"
Sale price‚Çπ 1,399",65% off,186 reviews,"‚òÖ
  4.9
    ",,"boAt Rockerz 333 | Bluetooth Earphone with Upto 30 Hour Uninterepted Music, Asap Charging wth Dual Pairing"
 Rockerz 333 ,"
Sale price‚Çπ 1,399",65% off,186 reviews,"‚òÖ
  4.9
    ",,"boAt Rockerz 333 | Bluetooth Earphone with Upto 30 Hour Uninterepted Music, Asap Charging wth Dual Pairing"
 Rockerz 333 ,"
Sale price‚Çπ 1,399",65% off,186 reviews,"‚òÖ
  4.9
    ",,"boAt Rockerz 333 | Bluetooth Earphone with Upto 30 Hour Uninterepted Music, Asap Charging wth Dual Pairing"
 Rockerz 333 ,"
Sale price‚Çπ 1,399",65% off,186 reviews,"‚òÖ
  4.9
    ",,"boAt boAt Rockerz 333 | Bluetooth Earphone with Upto 30 Hour Uninterepted Music, Asap Charging wth Dual Pairing"
 Rockerz 255 ,"
Sale price‚Çπ 1,299",57% off,228 reviews,"‚òÖ
  4.8
    ",,"boAt Rockerz 255 | Bluetooth Wireless Earphone with 10 mm Dynamic Drivers, Uninterrupted Music Upto 6 Hours, IPX5 Sweat & Water Resistance, cVc Noise Cancellation"
 Rockerz 255 ,"
Sale price‚Çπ 1,299",57% off,228 reviews,"‚òÖ
  4.8
    ",Very good product,Best value for money
 Rockerz 255 ,"
Sale price‚Çπ 1,299",57% off,228 reviews,"‚òÖ
  4.8
    ",Boat rockers 255,Best product good in quality and performance
 Rockerz 255 ,"
Sale price‚Çπ 1,299",57% off,228 reviews,"‚òÖ
  4.8
    ",Good quality,Nice product and packing of parcel is good
 Rockerz 255 ,"
Sale price‚Çπ 1,299",57% off,228 reviews,"‚òÖ
  4.8
    ",,Very good
 Rockerz 255 ,"
Sale price‚Çπ 1,299",57% off,228 reviews,"‚òÖ
  4.8
    ",,boAt Rockerz 255
 Rockerz 550 ,"
Sale price‚Çπ 1,999",60% off,345 reviews,"‚òÖ
  4.8
    ",,"Great Headphones
I needed headphones for studio monitoring. My friend suggested me these headphones saying they have 50mm drivers. I'm enjoying these headphones. Praise the Lord."
 Rockerz 550 ,"
Sale price‚Çπ 1,999",60% off,345 reviews,"‚òÖ
  4.8
    ",Good,Good
 Rockerz 550 ,"
Sale price‚Çπ 1,999",60% off,345 reviews,"‚òÖ
  4.8
    ",Nice product,It is working good nice one
 Rockerz 550 ,"
Sale price‚Çπ 1,999",60% off,345 reviews,"‚òÖ
  4.8
    ",,"boAt Rockerz 550 | Over Ear Bluetooth Headphones with Upto 20 Hours Playback, 50mm Dynamic Driver, 500 mah Battery"
 Rockerz 550 ,"
Sale price‚Çπ 1,999",60% off,345 reviews,"‚òÖ
  4.8
    ",Good headphones,A budget friendly model with good tech specs
 Rockerz 550 ,"
Sale price‚Çπ 1,999",60% off,345 reviews,"‚òÖ
  4.8
    ",Great Headphones,I needed headphones for studio monitoring. My friend suggested me these headphones saying they have 50mm drivers. I'm enjoying these headphones. Praise the Lord.
 Rockerz 255 Pro ,"
Sale price‚Çπ 1,399",60% off,383 reviews,"‚òÖ
  4.8
    ",,5 star
 Rockerz 255 Pro ,"
Sale price‚Çπ 1,399",60% off,383 reviews,"‚òÖ
  4.8
    ",Love üíñ,"Such a beautiful product, packaging also nice, delivery on time"
 Rockerz 255 Pro ,"
Sale price‚Çπ 1,399",60% off,383 reviews,"‚òÖ
  4.8
    ",,Good
 Rockerz 255 Pro ,"
Sale price‚Çπ 1,399",60% off,383 reviews,"‚òÖ
  4.8
    ",Ecelent,Good product
 Rockerz 255 Pro ,"
Sale price‚Çπ 1,399",60% off,383 reviews,"‚òÖ
  4.8
    ",Best,Betry back is low eryting is good
 Rockerz 255 Pro ,"
Sale price‚Çπ 1,399",60% off,383 reviews,"‚òÖ
  4.8
    ",,boAt Rockerz 255 Pro
 Rockerz 103 Pro ,"
Sale price‚Çπ 999",60% off,64 reviews,"‚òÖ
  4.9
    ",boAt Rockerz 103 Pro,Excellent
 Rockerz 103 Pro ,"
Sale price‚Çπ 999",60% off,64 reviews,"‚òÖ
  4.9
    ",,Superb and sound quality is very better
 Rockerz 103 Pro ,"
Sale price‚Çπ 999",60% off,64 reviews,"‚òÖ
  4.9
    ",Fantasticüëåüëåüëå,Best product
 Rockerz 103 Pro ,"
Sale price‚Çπ 999",60% off,64 reviews,"‚òÖ
  4.9
    ",,Best product
 Rockerz 103 Pro ,"
Sale price‚Çπ 999",60% off,64 reviews,"‚òÖ
  4.9
    ",5,It's good
 Rockerz 103 Pro ,"
Sale price‚Çπ 999",60% off,64 reviews,"‚òÖ
  4.9
    ",Rockers 103 pro,It's nice product
Rockerz 450 ,"
Sale price‚Çπ 1,499",62% off,267 reviews,"‚òÖ
  4.8
    ",,"Rockerz 450 | Over Ear Bluetooth Headphones with Upto 15 Hours Playback, Adaptive Headband, 40mm Dynamic Driver, 300 mah Battery"
Rockerz 450 ,"
Sale price‚Çπ 1,499",62% off,267 reviews,"‚òÖ
  4.8
    ",,"Rockerz 450 | Over Ear Bluetooth Headphones with Upto 15 Hours Playback, Adaptive Headband, 40mm Dynamic Driver, 300 mah Battery"
Rockerz 450 ,"
Sale price‚Çπ 1,499",62% off,267 reviews,"‚òÖ
  4.8
    ",Best Quality,Value of Money
Rockerz 450 ,"
Sale price‚Çπ 1,499",62% off,267 reviews,"‚òÖ
  4.8
    ",Amazing product,Battery and sound quality is good
Rockerz 450 ,"
Sale price‚Çπ 1,499",62% off,267 reviews,"‚òÖ
  4.8
    ",Amazing ü§©‚ù§Ô∏èüíØü§ûüèª,I JUST LOVE IT üòçüíØüòäüí•‚ù§Ô∏èüéÅ
Rockerz 450 ,"
Sale price‚Çπ 1,499",62% off,267 reviews,"‚òÖ
  4.8
    ",Amazing ü§©,"Iam very happy to use ..this is excellent üëå, super backup üîã zero noise üòå"
 Rockerz 255R,"
Sale price‚Çπ 1,299",57% off,29 reviews,"‚òÖ
  4.9
    ",Boat,Super
 Rockerz 255R,"
Sale price‚Çπ 1,299",57% off,29 reviews,"‚òÖ
  4.9
    ",,BOAT Rockerz 255R
 Rockerz 255R,"
Sale price‚Çπ 1,299",57% off,29 reviews,"‚òÖ
  4.9
    ",,Dd
 Rockerz 255R,"
Sale price‚Çπ 1,299",57% off,29 reviews,"‚òÖ
  4.9
    ",Good,Perfect Product
 Rockerz 255R,"
Sale price‚Çπ 1,299",57% off,29 reviews,"‚òÖ
  4.9
    ",,Overall a good product
 Rockerz 255R,"
Sale price‚Çπ 1,299",57% off,29 reviews,"‚òÖ
  4.9
    ",Amazing neckband,"Very fitable
Good bass
Best for gym"
 Rockerz 333 Pro ,"
Sale price‚Çπ 1,799",40% off,157 reviews,"‚òÖ
  4.9
    ",üö¢ blast,Awesome product and company
 Rockerz 333 Pro ,"
Sale price‚Çπ 1,799",40% off,157 reviews,"‚òÖ
  4.9
    ",Very nice,Very nice but do not have anc
 Rockerz 333 Pro ,"
Sale price‚Çπ 1,799",40% off,157 reviews,"‚òÖ
  4.9
    ","Very nice product,i love it üòòü•∞",In this price watch are very good ‚ò∫Ô∏è
 Rockerz 333 Pro ,"
Sale price‚Çπ 1,799",40% off,157 reviews,"‚òÖ
  4.9
    ",,"boAt Rockerz 333 Pro | Wireless Earphone with Non-Stop Music Upto 60 Hours, Asap Charge, IPX5 Water Resistance"
 Rockerz 333 Pro ,"
Sale price‚Çπ 1,799",40% off,157 reviews,"‚òÖ
  4.9
    ",Customer experience,Nice sound quality
 Rockerz 333 Pro ,"
Sale price‚Çπ 1,799",40% off,157 reviews,"‚òÖ
  4.9
    ",,"boAt Rockerz 333 Pro | Wireless Earphone with Non-Stop Music Upto 60 Hours, Asap Charge, IPX5 Water Resistance"
 Rockerz 260 ,"
Sale price‚Çπ 1,299",48% off,99 reviews,"‚òÖ
  4.9
    ",,boAt Rockerz 260
 Rockerz 260 ,"
Sale price‚Çπ 1,299",48% off,99 reviews,"‚òÖ
  4.9
    ",Well and good,Good.
 Rockerz 260 ,"
Sale price‚Çπ 1,299",48% off,99 reviews,"‚òÖ
  4.9
    ",,boAt Rockerz 260
 Rockerz 260 ,"
Sale price‚Çπ 1,299",48% off,99 reviews,"‚òÖ
  4.9
    ",,Battery life is awesome
 Rockerz 260 ,"
Sale price‚Çπ 1,299",48% off,99 reviews,"‚òÖ
  4.9
    ",,boAt Rockerz 260
 Rockerz 260 ,"
Sale price‚Çπ 1,299",48% off,99 reviews,"‚òÖ
  4.9
    ",,boAt Rockerz 260
 Rockerz 335,"
Sale price‚Çπ 1,699",57% off,350 reviews,"‚òÖ
  4.8
    ",,boAt Rockerz 335
 Rockerz 335,"
Sale price‚Çπ 1,699",57% off,350 reviews,"‚òÖ
  4.8
    ",very nice quality,the bass and boAts signature audio is just superb .... absolutely worth it
 Rockerz 335,"
Sale price‚Çπ 1,699",57% off,350 reviews,"‚òÖ
  4.8
    ",,Best product
 Rockerz 335,"
Sale price‚Çπ 1,699",57% off,350 reviews,"‚òÖ
  4.8
    ",It's greatfully product,I got the boat rockerz 335 neckband and it turned out to be a very good product for me.  And I did this product to use him for 18 months And I also got the neckbands of the boat to all my friends and man 2nd time have also taken the same product and am using right now. 
 Rockerz 335,"
Sale price‚Çπ 1,699",57% off,350 reviews,"‚òÖ
  4.8
    ",Excellent product,"I loved it
It is best option to choose Under 2000
It is prefect for bass lovers ‚ù§Ô∏è"
 Rockerz 335,"
Sale price‚Çπ 1,699",57% off,350 reviews,"‚òÖ
  4.8
    ",Good,"thanks boat
sound quality nice
Battery backup is so good"
 Rockerz 510 ,"
Sale price‚Çπ 1,299",67% off,142 reviews,"‚òÖ
  4.9
    ",,"boAt Rockerz 510 | Bluetooth Headphone with super extra bass, Upto 20 Hours Playback, 50mm Dynamic Driver, 400 mah Battery"
 Rockerz 510 ,"
Sale price‚Çπ 1,299",67% off,142 reviews,"‚òÖ
  4.9
    ",,"boAt Rockerz 510 | Bluetooth Headphone with super extra bass, Upto 20 Hours Playback, 50mm Dynamic Driver, 400 mah Battery"
 Rockerz 510 ,"
Sale price‚Çπ 1,299",67% off,142 reviews,"‚òÖ
  4.9
    ",Amazing,"Amazing sound quality, great bass and good noise isolation, both wired and wireless Also very comfortable too."
 Rockerz 510 ,"
Sale price‚Çπ 1,299",67% off,142 reviews,"‚òÖ
  4.9
    ",Osome,"Boat rockerz 510 this headphone is very heavy bass, sound quality very clear , and build number one color so nice battery backup no challenge thanks boat. üôè‚ù§üôåüíØ"
 Rockerz 510 ,"
Sale price‚Çπ 1,299",67% off,142 reviews,"‚òÖ
  4.9
    ",Boat rockerz 510,Excellent product
 Rockerz 510 ,"
Sale price‚Çπ 1,299",67% off,142 reviews,"‚òÖ
  4.9
    ",boAt Rockerz 510,Excellent product
 Rockerz 370 ,"
Sale price‚Çπ 1,199",52% off,79 reviews,"‚òÖ
  4.8
    ",Good,I like very nice
 Rockerz 370 ,"
Sale price‚Çπ 1,199",52% off,79 reviews,"‚òÖ
  4.8
    ",,boAt Rockerz 370
 Rockerz 370 ,"
Sale price‚Çπ 1,199",52% off,79 reviews,"‚òÖ
  4.8
    ",So so good,"This boAt headphone is the best hea under 1000 . boAt is always best 
#bestqulity
#bestbass"
 Rockerz 370 ,"
Sale price‚Çπ 1,199",52% off,79 reviews,"‚òÖ
  4.8
    ",It's rock,Really good
 Rockerz 370 ,"
Sale price‚Çπ 1,199",52% off,79 reviews,"‚òÖ
  4.8
    ",Rockers 370,It's making problem
 Rockerz 370 ,"
Sale price‚Çπ 1,199",52% off,79 reviews,"‚òÖ
  4.8
    ",Good,The product is good when compared to the Flipkart product
 Rockerz 255 Neo ,"
Sale price‚Çπ 1,299",57% off,95 reviews,"‚òÖ
  4.8
    ",Good,Good product
 Rockerz 255 Neo ,"
Sale price‚Çπ 1,299",57% off,95 reviews,"‚òÖ
  4.8
    ",Very good product,Very good product
 Rockerz 255 Neo ,"
Sale price‚Çπ 1,299",57% off,95 reviews,"‚òÖ
  4.8
    ",Very good sound,Nice sound quality
 Rockerz 255 Neo ,"
Sale price‚Çπ 1,299",57% off,95 reviews,"‚òÖ
  4.8
    ",,boAt Rockerz 255 Neo
 Rockerz 255 Neo ,"
Sale price‚Çπ 1,299",57% off,95 reviews,"‚òÖ
  4.8
    ",It's too good,Best neck band I'm 950rs
 Rockerz 255 Neo ,"
Sale price‚Çπ 1,299",57% off,95 reviews,"‚òÖ
  4.8
    ",,Good product
 Rockerz 261 ,"
Sale price‚Çπ 849",83% off,67 reviews,"‚òÖ
  4.8
    ",Warranty,How to get warranty of products
 Rockerz 261 ,"
Sale price‚Çπ 849",83% off,67 reviews,"‚òÖ
  4.8
    ",amazing product 261 rockerz,hats off to the packaging style. boats never miss impressing its user with their unique color designs and economic pricing. highly satisfied with the product. waiting 4 boats to launch 60-watt Bluetooth speakers
 Rockerz 261 ,"
Sale price‚Çπ 849",83% off,67 reviews,"‚òÖ
  4.8
    ",Very good,Quality is very good thank you
 Rockerz 261 ,"
Sale price‚Çπ 849",83% off,67 reviews,"‚òÖ
  4.8
    ",Good,Very power full product....
 Rockerz 261 ,"
Sale price‚Çπ 849",83% off,67 reviews,"‚òÖ
  4.8
    ",Boat earphone wireless,It's too good.. i love it... Thank you boat
 Rockerz 261 ,"
Sale price‚Çπ 849",83% off,67 reviews,"‚òÖ
  4.8
    ",Amazing product,My family loved the product!! Hoping to see something amazing in the future!!
Rockerz 333 ANC ,"
Sale price‚Çπ 1,899",68% off,48 reviews,"‚òÖ
  5.0
    ",Excellent Product,"The Boat Rockerzz 333 ANC is a premium, technologically very advanced for its price. The QNC is effective. I am very happy with my purchase."
Rockerz 333 ANC ,"
Sale price‚Çπ 1,899",68% off,48 reviews,"‚òÖ
  5.0
    ",,"Rockerz 333 ANC | Bluetooth Neckband with 13mm Drivers, DIRAC OpteoTM, Active Noise Cancelling and ENx‚Ñ¢ Technology, 20 Hours Playtime"
Rockerz 333 ANC ,"
Sale price‚Çπ 1,899",68% off,48 reviews,"‚òÖ
  5.0
    ",Best bass and sound,The product lokks very premium. Packaging of product is good. Build quality is good. Loved it sound quality and bass. If you are a bass lover then definitely go for it.
Rockerz 333 ANC ,"
Sale price‚Çπ 1,899",68% off,48 reviews,"‚òÖ
  5.0
    ",Feedback of Rockerz 333,"Excellent product and delivery is to much fast 
I love this product."
Rockerz 333 ANC ,"
Sale price‚Çπ 1,899",68% off,48 reviews,"‚òÖ
  5.0
    ",Awesome,Sound was Good.... No words to day.. Thank you Boat
Rockerz 333 ANC ,"
Sale price‚Çπ 1,899",68% off,48 reviews,"‚òÖ
  5.0
    ",Suparrr,Mast jakash
 Rockerz 385 V2,"
Sale price‚Çπ 1,499",70% off,73 reviews,"‚òÖ
  4.8
    ",Nice,Good working and in the battery life
 Rockerz 385 V2,"
Sale price‚Çπ 1,499",70% off,73 reviews,"‚òÖ
  4.8
    ",nice product,"backup-4.5 star
noise cancelation-4 star
sound-4 star"
 Rockerz 385 V2,"
Sale price‚Çπ 1,499",70% off,73 reviews,"‚òÖ
  4.8
    ",Great product,The battery life is very good and it connects two devices easily. When call is going on one phone you can even answer on second phone which places the call on first one on hold.
 Rockerz 385 V2,"
Sale price‚Çπ 1,499",70% off,73 reviews,"‚òÖ
  4.8
    ",Excellent product,It's a very good neckband not too heavy as it seems like. Looks premium and sound quality is just wow... Loved it.. ‚ù§
 Rockerz 385 V2,"
Sale price‚Çπ 1,499",70% off,73 reviews,"‚òÖ
  4.8
    ",Supperbbb,Top class quality
 Rockerz 385 V2,"
Sale price‚Çπ 1,499",70% off,73 reviews,"‚òÖ
  4.8
    ",I loved it,"Rokerz 385 V2 is a good quality product, I'll recommend to purchase it"
 Rockerz 235 Pro ,"
Sale price‚Çπ 999",50% off,48 reviews,"‚òÖ
  4.9
    ",Best product,I am happy üòä
 Rockerz 235 Pro ,"
Sale price‚Çπ 999",50% off,48 reviews,"‚òÖ
  4.9
    ",,Thik prodakte tha good
 Rockerz 235 Pro ,"
Sale price‚Çπ 999",50% off,48 reviews,"‚òÖ
  4.9
    ",,boAt Rockerz 235 Pro
 Rockerz 235 Pro ,"
Sale price‚Çπ 999",50% off,48 reviews,"‚òÖ
  4.9
    ",Unique products,Awesome product. Go get it n enjoy the music.
 Rockerz 235 Pro ,"
Sale price‚Çπ 999",50% off,48 reviews,"‚òÖ
  4.9
    ",,Best
 Rockerz 235 Pro ,"
Sale price‚Çπ 999",50% off,48 reviews,"‚òÖ
  4.9
    ",Good,So nice product
 Rockerz 255F ,"
Sale price‚Çπ 1,299",57% off,46 reviews,"‚òÖ
  4.8
    ",,boAt Rockerz 255F
 Rockerz 255F ,"
Sale price‚Çπ 1,299",57% off,46 reviews,"‚òÖ
  4.8
    ",,Good
 Rockerz 255F ,"
Sale price‚Çπ 1,299",57% off,46 reviews,"‚òÖ
  4.8
    ",,Good product. Delivery safe and on time. Thank you boat Rockerz.
 Rockerz 255F ,"
Sale price‚Çπ 1,299",57% off,46 reviews,"‚òÖ
  4.8
    ",,5 star
 Rockerz 255F ,"
Sale price‚Çπ 1,299",57% off,46 reviews,"‚òÖ
  4.8
    ",Very  Nice production,*****
 Rockerz 255F ,"
Sale price‚Çπ 1,299",57% off,46 reviews,"‚òÖ
  4.8
    ",Good product,Excellent to ear a music and voice
 Rockerz 260 v1 ,"
Sale price‚Çπ 1,199",52% off,40 reviews,"‚òÖ
  4.9
    ",Perfect!,"I really have trust on BOAT. 
It always feels amazing using BOAT product‚ù§"
 Rockerz 260 v1 ,"
Sale price‚Çπ 1,199",52% off,40 reviews,"‚òÖ
  4.9
    ",,boAt Rockerz 260 v1
 Rockerz 260 v1 ,"
Sale price‚Çπ 1,199",52% off,40 reviews,"‚òÖ
  4.9
    ",Product is good but delivery taken time was very worst,Product is good but delivery taken time was very worst
 Rockerz 260 v1 ,"
Sale price‚Çπ 1,199",52% off,40 reviews,"‚òÖ
  4.9
    ",Products are good,Sounds very nice
 Rockerz 260 v1 ,"
Sale price‚Çπ 1,199",52% off,40 reviews,"‚òÖ
  4.9
    ",Nice product,Worth money...nice product
 Rockerz 260 v1 ,"
Sale price‚Çπ 1,199",52% off,40 reviews,"‚òÖ
  4.9
    ",,boAt Rockerz 260 v1
 Rockerz 330 Pro ,"
Sale price‚Çπ 1,799",40% off,47 reviews,"‚òÖ
  4.9
    ",Best ever,Best quality.
 Rockerz 330 Pro ,"
Sale price‚Çπ 1,799",40% off,47 reviews,"‚òÖ
  4.9
    ",SUPER,SUPER
 Rockerz 330 Pro ,"
Sale price‚Çπ 1,799",40% off,47 reviews,"‚òÖ
  4.9
    ",,boAt Rockerz 330 Pro
 Rockerz 330 Pro ,"
Sale price‚Çπ 1,799",40% off,47 reviews,"‚òÖ
  4.9
    ",5 üåü,"Happy to buy a boat product 
Battery 
Sound
Design 
Connectivity 
Everything is good"
 Rockerz 330 Pro ,"
Sale price‚Çπ 1,799",40% off,47 reviews,"‚òÖ
  4.9
    ",Good,Very nice product
 Rockerz 330 Pro ,"
Sale price‚Çπ 1,799",40% off,47 reviews,"‚òÖ
  4.9
    ",Fantastic,"It's been a month & I love them. Using them for my office work, No disconnectivity. Superb Sound & No disturbance in between. Battery life is sooo good. Good Base. Go for it üòÉ"
 Rockerz 400 ,"
Sale price‚Çπ 1,499",50% off,95 reviews,"‚òÖ
  4.8
    ",Gd producg,Ok
 Rockerz 400 ,"
Sale price‚Çπ 1,499",50% off,95 reviews,"‚òÖ
  4.8
    ",It's amazing,Thanks for this
 Rockerz 400 ,"
Sale price‚Çπ 1,499",50% off,95 reviews,"‚òÖ
  4.8
    ",,Good all sound is ok
 Rockerz 400 ,"
Sale price‚Çπ 1,499",50% off,95 reviews,"‚òÖ
  4.8
    ",Boat rockerz 400,"Super
Sound 9/10
Bass 10/10
Overall good"
 Rockerz 400 ,"
Sale price‚Çπ 1,499",50% off,95 reviews,"‚òÖ
  4.8
    ",Nice,Good
 Rockerz 400 ,"
Sale price‚Çπ 1,499",50% off,95 reviews,"‚òÖ
  4.8
    ",Exellent product,One of of best brand boat thank you..
 Rockerz 245 Pro ,"
Sale price‚Çπ 1,299",48% off,16 reviews,"‚òÖ
  4.8
    ",,Super
 Rockerz 245 Pro ,"
Sale price‚Çπ 1,299",48% off,16 reviews,"‚òÖ
  4.8
    ",,Good product but very big size
 Rockerz 245 Pro ,"
Sale price‚Çπ 1,299",48% off,16 reviews,"‚òÖ
  4.8
    ",,Awesome üëç
 Rockerz 245 Pro ,"
Sale price‚Çπ 1,299",48% off,16 reviews,"‚òÖ
  4.8
    ",,"boAt Rockerz 245 Pro | Wireless Earphones with 10 min ASAP‚Ñ¢ Fast Charge, 20 Hours of nonstop playback & ENx‚Ñ¢ Technology"
 Rockerz 245 Pro ,"
Sale price‚Çπ 1,299",48% off,16 reviews,"‚òÖ
  4.8
    ",,"boAt Rockerz 245 Pro | Wireless Earphones with 10 min ASAP‚Ñ¢ Fast Charge, 20 Hours of nonstop playback & ENx‚Ñ¢ Technology"
 Rockerz 245 Pro ,"
Sale price‚Çπ 1,299",48% off,16 reviews,"‚òÖ
  4.8
    ",,Good
 Rockerz 205 Pro ,"
Sale price‚Çπ 999",60% off,10 reviews,"‚òÖ
  4.9
    ",,Nice
 Rockerz 205 Pro ,"
Sale price‚Çπ 999",60% off,10 reviews,"‚òÖ
  4.9
    ",,boAt Rockerz  205 Pro
 Rockerz 205 Pro ,"
Sale price‚Çπ 999",60% off,10 reviews,"‚òÖ
  4.9
    ",Very nice üëç,Excellent product üëçüëçüëçüëç
 Rockerz 205 Pro ,"
Sale price‚Çπ 999",60% off,10 reviews,"‚òÖ
  4.9
    ",,Very good prococt
 Rockerz 205 Pro ,"
Sale price‚Çπ 999",60% off,10 reviews,"‚òÖ
  4.9
    ",Very good item from boat,[****]
 Rockerz 205 Pro ,"
Sale price‚Çπ 999",60% off,10 reviews,"‚òÖ
  4.9
    ",Very good,Bahut hi achha h air bettery  kamal ki h
TRebel Rockerz 255 Pro ,"
Sale price‚Çπ 1,499",57% off,4 reviews,"‚òÖ
  5.0
    ",Product description good,Excellent package
TRebel Rockerz 255 Pro ,"
Sale price‚Çπ 1,499",57% off,4 reviews,"‚òÖ
  5.0
    ",,Good product
TRebel Rockerz 255 Pro ,"
Sale price‚Çπ 1,499",57% off,4 reviews,"‚òÖ
  5.0
    ",Boat,Nice bluetooth
TRebel Rockerz 255 Pro ,"
Sale price‚Çπ 1,499",57% off,4 reviews,"‚òÖ
  5.0
    ",Awesome,fully satisfied with the product
 Rockerz 255 Pro Made in India,"
Sale price‚Çπ 1,399",60% off,24 reviews,"‚òÖ
  4.9
    ",Best headphones,Super Headphones 255 Pro
 Rockerz 255 Pro Made in India,"
Sale price‚Çπ 1,399",60% off,24 reviews,"‚òÖ
  4.9
    ",,boAt Rockerz 255 Pro Made in India
 Rockerz 255 Pro Made in India,"
Sale price‚Çπ 1,399",60% off,24 reviews,"‚òÖ
  4.9
    ",boAt is only the competitor of boAt.,Excellent product.
 Rockerz 255 Pro Made in India,"
Sale price‚Çπ 1,399",60% off,24 reviews,"‚òÖ
  4.9
    ",boat,Very nice
 Rockerz 255 Pro Made in India,"
Sale price‚Çπ 1,399",60% off,24 reviews,"‚òÖ
  4.9
    ",Good,Nice
 Rockerz 255 Pro Made in India,"
Sale price‚Çπ 1,399",60% off,24 reviews,"‚òÖ
  4.9
    ",,boAt Rockerz 255 Pro Made in India
 TRebel Rockerz 235 V2 ,"
Sale price‚Çπ 1,199",60% off,20 reviews,"‚òÖ
  4.8
    ",,Nice product thanks boat
 TRebel Rockerz 235 V2 ,"
Sale price‚Çπ 1,199",60% off,20 reviews,"‚òÖ
  4.8
    ",,TRebel Rockerz 235 V2
 TRebel Rockerz 235 V2 ,"
Sale price‚Çπ 1,199",60% off,20 reviews,"‚òÖ
  4.8
    ",Supar,Supar
 TRebel Rockerz 235 V2 ,"
Sale price‚Çπ 1,199",60% off,20 reviews,"‚òÖ
  4.8
    ",Good,Good product
 TRebel Rockerz 235 V2 ,"
Sale price‚Çπ 1,199",60% off,20 reviews,"‚òÖ
  4.8
    ",,TRebel Rockerz 235 V2
 TRebel Rockerz 235 V2 ,"
Sale price‚Çπ 1,199",60% off,20 reviews,"‚òÖ
  4.8
    ",Best Product,"Sound is very good 
Colour is very good 
Smoothless nakeband"
Rockerz 330 ANC ,"
Sale price‚Çπ 1,999",67% off,12 reviews,"‚òÖ
  4.7
    ",Prashant Gupta,"All things are good in following points-
1- good sound with the help of 13drivers 
2- Good ANC mode 
3- good battery life
4- good audio call with enx technology
5- good built and good maintain if everything in neckband"
Rockerz 330 ANC ,"
Sale price‚Çπ 1,999",67% off,12 reviews,"‚òÖ
  4.7
    ",THIRD CLASS QUALITY,"PLEASE DONT WASTE YOUR MONEY WITH BOAT COMPANY , THEY CAN NOT PROVIDE SERVICE AFTER SALES , STAFF NEHAVE WAS VERY RUDE.."
Rockerz 330 ANC ,"
Sale price‚Çπ 1,999",67% off,12 reviews,"‚òÖ
  4.7
    ",,"Rockerz 330 ANC | Best Neckband with 13mm Drivers, DIRAC Opteo‚Ñ¢, Active Noise Cancelling and ENx‚Ñ¢ Technology, 20 Hours Playtime"
Rockerz 330 ANC ,"
Sale price‚Çπ 1,999",67% off,12 reviews,"‚òÖ
  4.7
    ",Good,good
Rockerz 330 ANC ,"
Sale price‚Çπ 1,999",67% off,12 reviews,"‚òÖ
  4.7
    ",Boat rockers 330 ANC,Amazing product. superb sound quality. The ANC feature works really well. The flexibility provides a bonus to the product look.
Rockerz 330 ANC ,"
Sale price‚Çπ 1,999",67% off,12 reviews,"‚òÖ
  4.7
    ",Best For Bass Lover ,It was Good product
 Rockerz 600 ,"
Sale price‚Çπ 1,699",57% off,35 reviews,"‚òÖ
  4.8
    ",,Feels nice and assured while wearing
 Rockerz 600 ,"
Sale price‚Çπ 1,699",57% off,35 reviews,"‚òÖ
  4.8
    ",,"boAt Rockerz 600 | Bluetooth Headphone with 40mm Dynamic Driver,  08 Hours Palyabck, Easy Tap Controls, Extended Battery"
 Rockerz 600 ,"
Sale price‚Çπ 1,699",57% off,35 reviews,"‚òÖ
  4.8
    ",,"boAt Rockerz 600 | Bluetooth Headphone with 40mm Dynamic Driver,  08 Hours Palyabck, Easy Tap Controls, Extended Battery"
 Rockerz 600 ,"
Sale price‚Çπ 1,699",57% off,35 reviews,"‚òÖ
  4.8
    ",,boAt Rockerz 600
 Rockerz 600 ,"
Sale price‚Çπ 1,699",57% off,35 reviews,"‚òÖ
  4.8
    ",It's ready ü§£ to rokarz,Good
 Rockerz 600 ,"
Sale price‚Çπ 1,699",57% off,35 reviews,"‚òÖ
  4.8
    ",Good,Excellent
 Rockerz 375 ,"
Sale price‚Çπ 999",75% off,11 reviews,"‚òÖ
  4.9
    ",Good,Awsome
 Rockerz 375 ,"
Sale price‚Çπ 999",75% off,11 reviews,"‚òÖ
  4.9
    ",,Good
 Rockerz 375 ,"
Sale price‚Çπ 999",75% off,11 reviews,"‚òÖ
  4.9
    ",,Very good product
 Rockerz 375 ,"
Sale price‚Çπ 999",75% off,11 reviews,"‚òÖ
  4.9
    ",Nice product,It boat rockers 375 is very good. Sounds very well.
 Rockerz 375 ,"
Sale price‚Çπ 999",75% off,11 reviews,"‚òÖ
  4.9
    ",,boAt Rockerz 375
 Rockerz 375 ,"
Sale price‚Çπ 999",75% off,11 reviews,"‚òÖ
  4.9
    ",boAt Rockerz 375,"Nice product. Battery life is also very good. boAt Rockerz 375 is very good for calling purpose and listening music. Sound clarity and bass is very nice. Didn't use the ""beast mode"" as I am not using this for gaming purpose."
 Rockerz 518 ,"
Sale price‚Çπ 1,599",60% off,44 reviews,"‚òÖ
  4.9
    ",,"boAt Rockerz 518 | Wireless Headphone with Dynamic 50mm Driver, Up To 20 Hours Of Playtime, Easy Control and Lightweight"
 Rockerz 518 ,"
Sale price‚Çπ 1,599",60% off,44 reviews,"‚òÖ
  4.9
    ",Product,Very good nice quality üëçüëçüëçüëç
 Rockerz 518 ,"
Sale price‚Çπ 1,599",60% off,44 reviews,"‚òÖ
  4.9
    ",,boAt Rockerz 518
 Rockerz 518 ,"
Sale price‚Çπ 1,599",60% off,44 reviews,"‚òÖ
  4.9
    ",,boAt Rockerz 518
 Rockerz 518 ,"
Sale price‚Çπ 1,599",60% off,44 reviews,"‚òÖ
  4.9
    ",Nice superb quality pro,Nice superb quality product
 Rockerz 518 ,"
Sale price‚Çπ 1,599",60% off,44 reviews,"‚òÖ
  4.9
    ",Best,Nice
 Nirvanaa 751 ANC ,"
Sale price‚Çπ 3,999",50% off,27 reviews,"‚òÖ
  4.7
    ",,"boAt Nirvanaa 751 ANC | Wireless Headphone with 40 mm drivers, 65 Hours (54 Hours with ANC), Type C, Dual Compatibility"
 Nirvanaa 751 ANC ,"
Sale price‚Çπ 3,999",50% off,27 reviews,"‚òÖ
  4.7
    ",,Value for money product. Good look good sound.
 Nirvanaa 751 ANC ,"
Sale price‚Çπ 3,999",50% off,27 reviews,"‚òÖ
  4.7
    ",As expected good,"Looks 5/5
Comfort 4.5/5
Anc 4/5
Sound 4/5
Overall 4.5/5"
 Nirvanaa 751 ANC ,"
Sale price‚Çπ 3,999",50% off,27 reviews,"‚òÖ
  4.7
    ",NIRVANAA 751,"Nice headphones 
Great price 
Worth the price"
 Nirvanaa 751 ANC ,"
Sale price‚Çπ 3,999",50% off,27 reviews,"‚òÖ
  4.7
    ",,Great product with long life battery. Easy to use and great sound quality.
 Nirvanaa 751 ANC ,"
Sale price‚Çπ 3,999",50% off,27 reviews,"‚òÖ
  4.7
    ",Great Sound,Great product with long life battery. Easy to use and great sound quality and especially very durable.
 Rockerz 450R,"
Sale price‚Çπ 1,499",62% off,10 reviews,"‚òÖ
  5.0
    ",,boAt Rockerz 450R
 Rockerz 450R,"
Sale price‚Çπ 1,499",62% off,10 reviews,"‚òÖ
  5.0
    ",,boAt Rockerz 450R
 Rockerz 450R,"
Sale price‚Çπ 1,499",62% off,10 reviews,"‚òÖ
  5.0
    ",,boAt Rockerz 450R
 Rockerz 450R,"
Sale price‚Çπ 1,499",62% off,10 reviews,"‚òÖ
  5.0
    ",Headphone,Nice sound
 Rockerz 450R,"
Sale price‚Çπ 1,499",62% off,10 reviews,"‚òÖ
  5.0
    ",It was amazing,Its was good and sounds are perfect  I like it so much can't believe we can get a amazing headphone in 1299
 Rockerz 450R,"
Sale price‚Çπ 1,499",62% off,10 reviews,"‚òÖ
  5.0
    ",,very satisfied üòç
 Rockerz 425 ,"
Sale price‚Çπ 1,499",50% off,22 reviews,"‚òÖ
  4.9
    ",,"boAt Rockerz 425 | Wireless Bluetooth Headphones with 40mm drivers, 25 hours Total Playback Time, Bluetooth v5.2, Type C"
 Rockerz 425 ,"
Sale price‚Çπ 1,499",50% off,22 reviews,"‚òÖ
  4.9
    ",,"boAt Rockerz 425 | Wireless Bluetooth Headphones with 40mm drivers, 25 hours Total Playback Time, Bluetooth v5.2, Type C"
 Rockerz 425 ,"
Sale price‚Çπ 1,499",50% off,22 reviews,"‚òÖ
  4.9
    ",,boAt Rockerz 425
 Rockerz 425 ,"
Sale price‚Çπ 1,499",50% off,22 reviews,"‚òÖ
  4.9
    ",Sanghapal,"Excellent  product,good sound"
 Rockerz 425 ,"
Sale price‚Çπ 1,499",50% off,22 reviews,"‚òÖ
  4.9
    ",,Good product...
 Rockerz 425 ,"
Sale price‚Çπ 1,499",50% off,22 reviews,"‚òÖ
  4.9
    ",Amazing quality,"I just received my order and the bass , sound quality and design everything is perfect. Best buy"
 Rockerz 450 Batman DC Edition ,"
Sale price‚Çπ 1,299",67% off,8 reviews,"‚òÖ
  4.9
    ",Amazing,Good product.
 Rockerz 450 Batman DC Edition ,"
Sale price‚Çπ 1,299",67% off,8 reviews,"‚òÖ
  4.9
    ",Amazing,Best sound and battery backup
 Rockerz 450 Batman DC Edition ,"
Sale price‚Çπ 1,299",67% off,8 reviews,"‚òÖ
  4.9
    ",Adorable sound,Adorable sound system and beautiful design I love it
 Rockerz 450 Batman DC Edition ,"
Sale price‚Çπ 1,299",67% off,8 reviews,"‚òÖ
  4.9
    ",,Product and Quality of product is good
 Rockerz 450 Batman DC Edition ,"
Sale price‚Çπ 1,299",67% off,8 reviews,"‚òÖ
  4.9
    ",Awesome,Amazing very good product. I Love it.üôÇ
 Rockerz 450 Batman DC Edition ,"
Sale price‚Çπ 1,299",67% off,8 reviews,"‚òÖ
  4.9
    ",,Too Good With Bass Nd Volume
Rockerz 255 ARC ,"
Sale price‚Çπ 1,299",48% off,1 review,"‚òÖ
  4.0
    ",Pretty good,"It's a good product overall, could use better quality button and overall product quality could have been better"
 Trebel Rockerz 255 Pro+ ,"
Sale price‚Çπ 1,599",60% off,7 reviews,"‚òÖ
  4.7
    ",Worth the Money!,Definitely worth the money! In a similar price it‚Äôs way better than Skull Candy
 Trebel Rockerz 255 Pro+ ,"
Sale price‚Çπ 1,599",60% off,7 reviews,"‚òÖ
  4.7
    ",,Trebel Rockerz 255 Pro+
 Trebel Rockerz 255 Pro+ ,"
Sale price‚Çπ 1,599",60% off,7 reviews,"‚òÖ
  4.7
    ",Awesome product,I am using this since 10 months and fully satisfied with rockerz 255 pro+ awesome battery backup
 Trebel Rockerz 255 Pro+ ,"
Sale price‚Çπ 1,599",60% off,7 reviews,"‚òÖ
  4.7
    ",Awesome,Sound quality good best Material
 Trebel Rockerz 255 Pro+ ,"
Sale price‚Çπ 1,599",60% off,7 reviews,"‚òÖ
  4.7
    ",Best service,Best service  and best product very staisfied
 Trebel Rockerz 255 Pro+ ,"
Sale price‚Çπ 1,599",60% off,7 reviews,"‚òÖ
  4.7
    ",Worthy deal except the ipl tickets :|,"Haven't heard my friends saying,"" tu earphones hata ke baat kar bc"". XD I am completely satisfied with going handsfree while I talk and work/cook/ walk etc etc.
Not to forget, the audio quality is good enough for me get me into a high end club while being in PJs ( does a hair flip :p) 
Also, they are great enough to block the creep and their comments while I go for my early morning runs ( social cause - ‚úÖ)
Also, a good hack to avoid small talks with cab wale bhaiyya :p ( cons- people presume you to be rude and cocky, but that's the truth, right ) 
Alsoooo, audio partners can sponsor ipl matches ke tickets, right ?"
